file_name,species
Brown_Tinamou_0.mp3,Brown_Tinamou
Brown_Tinamou_1.mp3,Brown_Tinamou
Brown_Tinamou_10.mp3,Brown_Tinamou
Brown_Tinamou_11.mp3,Brown_Tinamou
Brown_Tinamou_12.mp3,Brown_Tinamou
Brown_Tinamou_13.mp3,Brown_Tinamou
Brown_Tinamou_14.mp3,Brown_Tinamou
Brown_Tinamou_15.mp3,Brown_Tinamou
Brown_Tinamou_16.mp3,Brown_Tinamou
Brown_Tinamou_17.mp3,Brown_Tinamou
Brown_Tinamou_18.mp3,Brown_Tinamou
Brown_Tinamou_19.mp3,Brown_Tinamou
Brown_Tinamou_2.mp3,Brown_Tinamou
Brown_Tinamou_20.mp3,Brown_Tinamou
Brown_Tinamou_21.mp3,Brown_Tinamou
Brown_Tinamou_22.mp3,Brown_Tinamou
Brown_Tinamou_23.mp3,Brown_Tinamou
Brown_Tinamou_24.mp3,Brown_Tinamou
Brown_Tinamou_25.mp3,Brown_Tinamou
Brown_Tinamou_26.mp3,Brown_Tinamou
Brown_Tinamou_27.mp3,Brown_Tinamou
Brown_Tinamou_28.mp3,Brown_Tinamou
Brown_Tinamou_29.mp3,Brown_Tinamou
Brown_Tinamou_3.mp3,Brown_Tinamou
Brown_Tinamou_30.mp3,Brown_Tinamou
Brown_Tinamou_31.mp3,Brown_Tinamou
Brown_Tinamou_32.mp3,Brown_Tinamou
Brown_Tinamou_33.mp3,Brown_Tinamou
Brown_Tinamou_34.mp3,Brown_Tinamou
Brown_Tinamou_35.mp3,Brown_Tinamou
Brown_Tinamou_36.mp3,Brown_Tinamou
Brown_Tinamou_37.mp3,Brown_Tinamou
Brown_Tinamou_38.mp3,Brown_Tinamou
Brown_Tinamou_39.mp3,Brown_Tinamou
Brown_Tinamou_4.mp3,Brown_Tinamou
Brown_Tinamou_40.mp3,Brown_Tinamou
Brown_Tinamou_41.mp3,Brown_Tinamou
Brown_Tinamou_42.mp3,Brown_Tinamou
Brown_Tinamou_43.mp3,Brown_Tinamou
Brown_Tinamou_44.mp3,Brown_Tinamou
Brown_Tinamou_45.mp3,Brown_Tinamou
Brown_Tinamou_46.mp3,Brown_Tinamou
Brown_Tinamou_47.mp3,Brown_Tinamou
Brown_Tinamou_48.mp3,Brown_Tinamou
Brown_Tinamou_49.mp3,Brown_Tinamou
Brown_Tinamou_5.mp3,Brown_Tinamou
Brown_Tinamou_6.mp3,Brown_Tinamou
Brown_Tinamou_7.mp3,Brown_Tinamou
Brown_Tinamou_8.mp3,Brown_Tinamou
Brown_Tinamou_9.mp3,Brown_Tinamou
Cinereous_Tinamou_0.mp3,Cinereous_Tinamou
Cinereous_Tinamou_1.mp3,Cinereous_Tinamou
Cinereous_Tinamou_10.mp3,Cinereous_Tinamou
Cinereous_Tinamou_11.mp3,Cinereous_Tinamou
Cinereous_Tinamou_12.mp3,Cinereous_Tinamou
Cinereous_Tinamou_13.mp3,Cinereous_Tinamou
Cinereous_Tinamou_14.mp3,Cinereous_Tinamou
Cinereous_Tinamou_15.mp3,Cinereous_Tinamou
Cinereous_Tinamou_16.mp3,Cinereous_Tinamou
Cinereous_Tinamou_17.mp3,Cinereous_Tinamou
Cinereous_Tinamou_18.mp3,Cinereous_Tinamou
Cinereous_Tinamou_19.mp3,Cinereous_Tinamou
Cinereous_Tinamou_2.mp3,Cinereous_Tinamou
Cinereous_Tinamou_20.mp3,Cinereous_Tinamou
Cinereous_Tinamou_21.mp3,Cinereous_Tinamou
Cinereous_Tinamou_22.mp3,Cinereous_Tinamou
Cinereous_Tinamou_23.mp3,Cinereous_Tinamou
Cinereous_Tinamou_24.mp3,Cinereous_Tinamou
Cinereous_Tinamou_25.mp3,Cinereous_Tinamou
Cinereous_Tinamou_26.mp3,Cinereous_Tinamou
Cinereous_Tinamou_27.mp3,Cinereous_Tinamou
Cinereous_Tinamou_28.mp3,Cinereous_Tinamou
Cinereous_Tinamou_29.mp3,Cinereous_Tinamou
Cinereous_Tinamou_3.mp3,Cinereous_Tinamou
Cinereous_Tinamou_30.mp3,Cinereous_Tinamou
Cinereous_Tinamou_31.mp3,Cinereous_Tinamou
Cinereous_Tinamou_32.mp3,Cinereous_Tinamou
Cinereous_Tinamou_33.mp3,Cinereous_Tinamou
Cinereous_Tinamou_34.mp3,Cinereous_Tinamou
Cinereous_Tinamou_35.mp3,Cinereous_Tinamou
Cinereous_Tinamou_36.mp3,Cinereous_Tinamou
Cinereous_Tinamou_37.mp3,Cinereous_Tinamou
Cinereous_Tinamou_38.mp3,Cinereous_Tinamou
Cinereous_Tinamou_39.mp3,Cinereous_Tinamou
Cinereous_Tinamou_4.mp3,Cinereous_Tinamou
Cinereous_Tinamou_40.mp3,Cinereous_Tinamou
Cinereous_Tinamou_41.mp3,Cinereous_Tinamou
Cinereous_Tinamou_42.mp3,Cinereous_Tinamou
Cinereous_Tinamou_43.mp3,Cinereous_Tinamou
Cinereous_Tinamou_44.mp3,Cinereous_Tinamou
Cinereous_Tinamou_45.mp3,Cinereous_Tinamou
Cinereous_Tinamou_46.mp3,Cinereous_Tinamou
Cinereous_Tinamou_47.mp3,Cinereous_Tinamou
Cinereous_Tinamou_48.mp3,Cinereous_Tinamou
Cinereous_Tinamou_49.mp3,Cinereous_Tinamou
Cinereous_Tinamou_5.mp3,Cinereous_Tinamou
Cinereous_Tinamou_6.mp3,Cinereous_Tinamou
Cinereous_Tinamou_7.mp3,Cinereous_Tinamou
Cinereous_Tinamou_8.mp3,Cinereous_Tinamou
Cinereous_Tinamou_9.mp3,Cinereous_Tinamou
Great_Tinamou_0.mp3,Great_Tinamou
Great_Tinamou_1.mp3,Great_Tinamou
Great_Tinamou_10.mp3,Great_Tinamou
Great_Tinamou_11.mp3,Great_Tinamou
Great_Tinamou_12.mp3,Great_Tinamou
Great_Tinamou_13.mp3,Great_Tinamou
Great_Tinamou_14.mp3,Great_Tinamou
Great_Tinamou_15.mp3,Great_Tinamou
Great_Tinamou_16.mp3,Great_Tinamou
Great_Tinamou_17.mp3,Great_Tinamou
Great_Tinamou_18.mp3,Great_Tinamou
Great_Tinamou_19.mp3,Great_Tinamou
Great_Tinamou_2.mp3,Great_Tinamou
Great_Tinamou_20.mp3,Great_Tinamou
Great_Tinamou_21.mp3,Great_Tinamou
Great_Tinamou_22.mp3,Great_Tinamou
Great_Tinamou_23.mp3,Great_Tinamou
Great_Tinamou_24.mp3,Great_Tinamou
Great_Tinamou_25.mp3,Great_Tinamou
Great_Tinamou_26.mp3,Great_Tinamou
Great_Tinamou_27.mp3,Great_Tinamou
Great_Tinamou_28.mp3,Great_Tinamou
Great_Tinamou_29.mp3,Great_Tinamou
Great_Tinamou_3.mp3,Great_Tinamou
Great_Tinamou_30.mp3,Great_Tinamou
Great_Tinamou_31.mp3,Great_Tinamou
Great_Tinamou_32.mp3,Great_Tinamou
Great_Tinamou_33.mp3,Great_Tinamou
Great_Tinamou_34.mp3,Great_Tinamou
Great_Tinamou_35.mp3,Great_Tinamou
Great_Tinamou_36.mp3,Great_Tinamou
Great_Tinamou_37.mp3,Great_Tinamou
Great_Tinamou_38.mp3,Great_Tinamou
Great_Tinamou_39.mp3,Great_Tinamou
Great_Tinamou_4.mp3,Great_Tinamou
Great_Tinamou_40.mp3,Great_Tinamou
Great_Tinamou_41.mp3,Great_Tinamou
Great_Tinamou_42.mp3,Great_Tinamou
Great_Tinamou_43.mp3,Great_Tinamou
Great_Tinamou_44.mp3,Great_Tinamou
Great_Tinamou_45.mp3,Great_Tinamou
Great_Tinamou_46.mp3,Great_Tinamou
Great_Tinamou_47.mp3,Great_Tinamou
Great_Tinamou_48.mp3,Great_Tinamou
Great_Tinamou_49.mp3,Great_Tinamou
Great_Tinamou_5.mp3,Great_Tinamou
Great_Tinamou_6.mp3,Great_Tinamou
Great_Tinamou_7.mp3,Great_Tinamou
Great_Tinamou_8.mp3,Great_Tinamou
Great_Tinamou_9.mp3,Great_Tinamou
